what,kind,bundleId,bundleVersion,description,time
activated,workbench,org.eclipse.ui.workbench,3.7.1.v20120104-1859,"",1340100781880
activated,view,org.eclipse.gmf.bridge.ui.dashboard,2.0.100.v20110607-2359,"org.eclipse.gmf.bridge.ui.dashboard.DashboardPart",1340100784132
deactivated,workbench,org.eclipse.ui.workbench,3.7.1.v20120104-1859,"",1340100784502
error,log,,,"Unhandled event loop exception",1340100788396
activated,workbench,org.eclipse.ui.workbench,3.7.1.v20120104-1859,"",1340100805155
activated,editor,org.eclipse.emf.ecore.editor,2.7.0.v20120130-0943,"org.eclipse.emf.ecore.presentation.ReflectiveEditorID",1340100808525
activated,view,org.eclipse.gmf.bridge.ui.dashboard,2.0.100.v20110607-2359,"org.eclipse.gmf.bridge.ui.dashboard.DashboardPart",1340100814085
error,log,,,"Unhandled event loop exception",1340100814107
activated,view,org.eclipse.jdt.ui,3.7.2.v20120109-1427,"org.eclipse.jdt.ui.PackageExplorer",1340100817667
deactivated,workbench,org.eclipse.ui.workbench,3.7.1.v20120104-1859,"",1340100821212
error,log,,,"Unhandled event loop exception",1340100839099
executed,command,org.eclipse.ui,3.7.0.v20110928-1505,"org.eclipse.ui.newWizard",1340100848079
activated,workbench,org.eclipse.ui.workbench,3.7.1.v20120104-1859,"",1340100848112
activated,editor,org.eclipse.emf.ecore.editor,2.7.0.v20120130-0943,"org.eclipse.emf.ecore.presentation.ReflectiveEditorID",1340100853050
executed,command,org.eclipse.ui,3.7.0.v20110928-1505,"org.eclipse.ui.edit.copy",1340100855415
executed,command,org.eclipse.ui,3.7.0.v20110928-1505,"org.eclipse.ui.edit.copy",1340100855624
deactivated,workbench,org.eclipse.ui.workbench,3.7.1.v20120104-1859,"",1340100859261
activated,workbench,org.eclipse.ui.workbench,3.7.1.v20120104-1859,"",1340100860525
deactivated,workbench,org.eclipse.ui.workbench,3.7.1.v20120104-1859,"",1340100865230
activated,workbench,org.eclipse.ui.workbench,3.7.1.v20120104-1859,"",1340100868700
activated,view,org.eclipse.jdt.ui,3.7.2.v20120109-1427,"org.eclipse.jdt.ui.PackageExplorer",1340100875443
opened,editor,org.eclipse.ui.editors,3.7.0.v20110928-1504,"org.eclipse.ui.DefaultTextEditor",1340100878219
activated,editor,org.eclipse.ui.editors,3.7.0.v20110928-1504,"org.eclipse.ui.DefaultTextEditor",1340100878287
activated,editor,org.eclipse.emf.ecore.editor,2.7.0.v20120130-0943,"org.eclipse.emf.ecore.presentation.ReflectiveEditorID",1340100880111
activated,editor,org.eclipse.ui.editors,3.7.0.v20110928-1504,"org.eclipse.ui.DefaultTextEditor",1340100881364
started,bundle,org.eclipse.mylyn.java.tasks,3.6.0.v20110608-1400,"org.eclipse.mylyn.java.tasks",1340100881638
executed,command,org.eclipse.ui,3.7.0.v20110928-1505,"org.eclipse.ui.edit.paste",1340100881674
executed,command,org.eclipse.ui,3.7.0.v20110928-1505,"org.eclipse.ui.edit.undo",1340100883305
executed,command,org.eclipse.ui,3.7.0.v20110928-1505,"org.eclipse.ui.edit.findReplace",1340100884352
deactivated,workbench,org.eclipse.ui.workbench,3.7.1.v20120104-1859,"",1340100884366
executed,command,org.eclipse.ui,3.7.0.v20110928-1505,"org.eclipse.ui.edit.paste",1340100884657
activated,workbench,org.eclipse.ui.workbench,3.7.1.v20120104-1859,"",1340100887218
executed,command,org.eclipse.ui.workbench.texteditor,3.7.0.v20110928-1504,"org.eclipse.ui.edit.text.select.lineEnd",1340100901546
executed,command,org.eclipse.ui,3.7.0.v20110928-1505,"org.eclipse.ui.edit.copy",1340100902972
executed,command,org.eclipse.ui,3.7.0.v20110928-1505,"org.eclipse.ui.edit.copy",1340100903145
deactivated,workbench,org.eclipse.ui.workbench,3.7.1.v20120104-1859,"",1340100903700
activated,workbench,org.eclipse.ui.workbench,3.7.1.v20120104-1859,"",1340100933249
deactivated,workbench,org.eclipse.ui.workbench,3.7.1.v20120104-1859,"",1340100960288
activated,workbench,org.eclipse.ui.workbench,3.7.1.v20120104-1859,"",1340100960905
activated,view,org.eclipse.jdt.ui,3.7.2.v20120109-1427,"org.eclipse.jdt.ui.PackageExplorer",1340100965561
deactivated,workbench,org.eclipse.ui.workbench,3.7.1.v20120104-1859,"",1340100966612
closed,editor,org.eclipse.emf.ecore.editor,2.7.0.v20120130-0943,"org.eclipse.emf.ecore.presentation.ReflectiveEditorID",1340100966810
executed,command,org.eclipse.ui,3.7.0.v20110928-1505,"org.eclipse.ui.edit.delete",1340100966914
activated,workbench,org.eclipse.ui.workbench,3.7.1.v20120104-1859,"",1340100966940
closed,editor,org.eclipse.ui.editors,3.7.0.v20110928-1504,"org.eclipse.ui.DefaultTextEditor",1340100967022
activated,view,org.eclipse.gmf.bridge.ui.dashboard,2.0.100.v20110607-2359,"org.eclipse.gmf.bridge.ui.dashboard.DashboardPart",1340100968097
deactivated,workbench,org.eclipse.ui.workbench,3.7.1.v20120104-1859,"",1340100968355
opened,editor,org.eclipse.emf.ecore.editor,2.7.0.v20120130-0943,"org.eclipse.emf.ecore.presentation.ReflectiveEditorID",1340100972742
activated,editor,org.eclipse.emf.ecore.editor,2.7.0.v20120130-0943,"org.eclipse.emf.ecore.presentation.ReflectiveEditorID",1340100972772
activated,workbench,org.eclipse.ui.workbench,3.7.1.v20120104-1859,"",1340100972978
activated,view,org.eclipse.gmf.bridge.ui.dashboard,2.0.100.v20110607-2359,"org.eclipse.gmf.bridge.ui.dashboard.DashboardPart",1340100973451
deactivated,workbench,org.eclipse.ui.workbench,3.7.1.v20120104-1859,"",1340100973822
activated,workbench,org.eclipse.ui.workbench,3.7.1.v20120104-1859,"",1340100980729
activated,editor,org.eclipse.emf.ecore.editor,2.7.0.v20120130-0943,"org.eclipse.emf.ecore.presentation.ReflectiveEditorID",1340100982566
activated,view,org.eclipse.jdt.ui,3.7.2.v20120109-1427,"org.eclipse.jdt.ui.PackageExplorer",1340100996951
opened,editor,org.eclipse.ui.editors,3.7.0.v20110928-1504,"org.eclipse.ui.DefaultTextEditor",1340100999862
activated,editor,org.eclipse.ui.editors,3.7.0.v20110928-1504,"org.eclipse.ui.DefaultTextEditor",1340100999926
executed,command,org.eclipse.ui,3.7.0.v20110928-1505,"org.eclipse.ui.edit.findReplace",1340101002513
deactivated,workbench,org.eclipse.ui.workbench,3.7.1.v20120104-1859,"",1340101002548
activated,workbench,org.eclipse.ui.workbench,3.7.1.v20120104-1859,"",1340101005634
deactivated,workbench,org.eclipse.ui.workbench,3.7.1.v20120104-1859,"",1340101019532
activated,workbench,org.eclipse.ui.workbench,3.7.1.v20120104-1859,"",1340101024439
executed,command,org.eclipse.ui,3.7.0.v20110928-1505,"org.eclipse.ui.edit.paste",1340101027955
deactivated,workbench,org.eclipse.ui.workbench,3.7.1.v20120104-1859,"",1340101030982
activated,workbench,org.eclipse.ui.workbench,3.7.1.v20120104-1859,"",1340101032668
executed,command,org.eclipse.ui,3.7.0.v20110928-1505,"org.eclipse.ui.file.save",1340101033469
activated,editor,org.eclipse.emf.ecore.editor,2.7.0.v20120130-0943,"org.eclipse.emf.ecore.presentation.ReflectiveEditorID",1340101034539
activated,view,org.eclipse.ui.views,3.6.0.v20110928-1505,"org.eclipse.ui.views.PropertySheet",1340101036078
activated,editor,org.eclipse.emf.ecore.editor,2.7.0.v20120130-0943,"org.eclipse.emf.ecore.presentation.ReflectiveEditorID",1340101037159
activated,editor,org.eclipse.ui.editors,3.7.0.v20110928-1504,"org.eclipse.ui.DefaultTextEditor",1340101051043
executed,command,org.eclipse.ui,3.7.0.v20110928-1505,"org.eclipse.ui.edit.undo",1340101051538
executed,command,org.eclipse.ui,3.7.0.v20110928-1505,"org.eclipse.ui.file.save",1340101053212
activated,editor,org.eclipse.emf.ecore.editor,2.7.0.v20120130-0943,"org.eclipse.emf.ecore.presentation.ReflectiveEditorID",1340101054200
activated,editor,org.eclipse.gmf.tooldef.edit,2.0.100.v20110510-2359,"org.eclipse.gmf.tooldef.presentation.GMFToolEditorID",1340101055950
activated,editor,org.eclipse.emf.ecore.editor,2.7.0.v20120130-0943,"org.eclipse.emf.ecore.presentation.ReflectiveEditorID",1340101063802
closed,editor,org.eclipse.gmf.tooldef.edit,2.0.100.v20110510-2359,"org.eclipse.gmf.tooldef.presentation.GMFToolEditorID",1340101063824
activated,editor,org.eclipse.ui.editors,3.7.0.v20110928-1504,"org.eclipse.ui.DefaultTextEditor",1340101064609
activated,editor,org.eclipse.emf.ecore.editor,2.7.0.v20120130-0943,"org.eclipse.emf.ecore.presentation.ReflectiveEditorID",1340101068535
activated,view,org.eclipse.ui.views,3.6.0.v20110928-1505,"org.eclipse.ui.views.PropertySheet",1340101073740
activated,editor,org.eclipse.emf.ecore.editor,2.7.0.v20120130-0943,"org.eclipse.emf.ecore.presentation.ReflectiveEditorID",1340101075432
activated,editor,org.eclipse.ui.editors,3.7.0.v20110928-1504,"org.eclipse.ui.DefaultTextEditor",1340101078596
activated,view,org.eclipse.gmf.bridge.ui.dashboard,2.0.100.v20110607-2359,"org.eclipse.gmf.bridge.ui.dashboard.DashboardPart",1340101113669
deactivated,workbench,org.eclipse.ui.workbench,3.7.1.v20120104-1859,"",1340101114806
activated,workbench,org.eclipse.ui.workbench,3.7.1.v20120104-1859,"",1340101120490
activated,view,org.eclipse.jdt.ui,3.7.2.v20120109-1427,"org.eclipse.jdt.ui.PackageExplorer",1340101126177
deactivated,workbench,org.eclipse.ui.workbench,3.7.1.v20120104-1859,"",1340101127252
closed,editor,org.eclipse.emf.ecore.editor,2.7.0.v20120130-0943,"org.eclipse.emf.ecore.presentation.ReflectiveEditorID",1340101127423
executed,command,org.eclipse.ui,3.7.0.v20110928-1505,"org.eclipse.ui.edit.delete",1340101127510
activated,workbench,org.eclipse.ui.workbench,3.7.1.v20120104-1859,"",1340101127552
closed,editor,org.eclipse.ui.editors,3.7.0.v20110928-1504,"org.eclipse.ui.DefaultTextEditor",1340101127636
activated,view,org.eclipse.gmf.bridge.ui.dashboard,2.0.100.v20110607-2359,"org.eclipse.gmf.bridge.ui.dashboard.DashboardPart",1340101129056
deactivated,workbench,org.eclipse.ui.workbench,3.7.1.v20120104-1859,"",1340101129312
opened,editor,org.eclipse.emf.ecore.editor,2.7.0.v20120130-0943,"org.eclipse.emf.ecore.presentation.ReflectiveEditorID",1340101132963
activated,editor,org.eclipse.emf.ecore.editor,2.7.0.v20120130-0943,"org.eclipse.emf.ecore.presentation.ReflectiveEditorID",1340101132986
activated,workbench,org.eclipse.ui.workbench,3.7.1.v20120104-1859,"",1340101133214
activated,view,org.eclipse.gmf.bridge.ui.dashboard,2.0.100.v20110607-2359,"org.eclipse.gmf.bridge.ui.dashboard.DashboardPart",1340101133679
deactivated,workbench,org.eclipse.ui.workbench,3.7.1.v20120104-1859,"",1340101134039
opened,editor,org.eclipse.gmf.map.edit,2.2.100.v20110510-2359,"org.eclipse.gmf.mappings.presentation.GMFMapEditorID",1340101138012
activated,editor,org.eclipse.gmf.map.edit,2.2.100.v20110510-2359,"org.eclipse.gmf.mappings.presentation.GMFMapEditorID",1340101138060
activated,workbench,org.eclipse.ui.workbench,3.7.1.v20120104-1859,"",1340101138287
activated,view,org.eclipse.gmf.bridge.ui.dashboard,2.0.100.v20110607-2359,"org.eclipse.gmf.bridge.ui.dashboard.DashboardPart",1340101140705
activated,editor,org.eclipse.gmf.map.edit,2.2.100.v20110510-2359,"org.eclipse.gmf.mappings.presentation.GMFMapEditorID",1340101140746
activated,view,org.eclipse.jdt.ui,3.7.2.v20120109-1427,"org.eclipse.jdt.ui.PackageExplorer",1340101142455
activated,editor,org.eclipse.gmf.map.edit,2.2.100.v20110510-2359,"org.eclipse.gmf.mappings.presentation.GMFMapEditorID",1340101143216
activated,view,org.eclipse.ui.views,3.6.0.v20110928-1505,"org.eclipse.ui.views.PropertySheet",1340101162506
activated,editor,org.eclipse.gmf.map.edit,2.2.100.v20110510-2359,"org.eclipse.gmf.mappings.presentation.GMFMapEditorID",1340101165848
activated,view,org.eclipse.ui.views,3.6.0.v20110928-1505,"org.eclipse.ui.views.PropertySheet",1340101179459
deactivated,workbench,org.eclipse.ui.workbench,3.7.1.v20120104-1859,"",1340101179679
activated,workbench,org.eclipse.ui.workbench,3.7.1.v20120104-1859,"",1340101181681
activated,view,org.eclipse.jdt.ui,3.7.2.v20120109-1427,"org.eclipse.jdt.ui.PackageExplorer",1340101208141
activated,editor,org.eclipse.emf.codegen.ecore.ui,2.7.0.v20120130-0943,"org.eclipse.emf.codegen.ecore.genmodel.presentation.GenModelEditorID",1340101208202
activated,view,org.eclipse.jdt.ui,3.7.2.v20120109-1427,"org.eclipse.jdt.ui.PackageExplorer",1340101208296
activated,editor,org.eclipse.emf.ecore.editor,2.7.0.v20120130-0943,"org.eclipse.emf.ecore.presentation.ReflectiveEditorID",1340101209619
activated,view,org.eclipse.jdt.ui,3.7.2.v20120109-1427,"org.eclipse.jdt.ui.PackageExplorer",1340101209671
activated,editor,org.eclipse.emf.ecore.editor,2.7.0.v20120130-0943,"org.eclipse.emf.ecore.presentation.ReflectiveEditorID",1340101211362
executed,command,org.eclipse.ui,3.7.0.v20110928-1505,"org.eclipse.ui.edit.delete",1340101223624
deactivated,workbench,org.eclipse.ui.workbench,3.7.1.v20120104-1859,"",1340101225928
executed,command,org.eclipse.ui,3.7.0.v20110928-1505,"org.eclipse.ui.file.save",1340101226185
activated,workbench,org.eclipse.ui.workbench,3.7.1.v20120104-1859,"",1340101226225
activated,editor,org.eclipse.gmf.map.edit,2.2.100.v20110510-2359,"org.eclipse.gmf.mappings.presentation.GMFMapEditorID",1340101226743
executed,command,org.eclipse.ui,3.7.0.v20110928-1505,"org.eclipse.ui.edit.delete",1340101247255
executed,command,org.eclipse.ui,3.7.0.v20110928-1505,"org.eclipse.ui.edit.copy",1340101264574
executed,command,org.eclipse.ui,3.7.0.v20110928-1505,"org.eclipse.ui.edit.paste",1340101269007
executed,command,org.eclipse.ui,3.7.0.v20110928-1505,"org.eclipse.ui.edit.delete",1340101278651
executed,command,org.eclipse.ui,3.7.0.v20110928-1505,"org.eclipse.ui.edit.delete",1340101280959
activated,view,org.eclipse.ui.views,3.6.0.v20110928-1505,"org.eclipse.ui.views.PropertySheet",1340101286900
deactivated,workbench,org.eclipse.ui.workbench,3.7.1.v20120104-1859,"",1340101291828
activated,workbench,org.eclipse.ui.workbench,3.7.1.v20120104-1859,"",1340101295778
executed,command,org.eclipse.ui,3.7.0.v20110928-1505,"org.eclipse.ui.edit.paste",1340101297378
activated,editor,org.eclipse.gmf.map.edit,2.2.100.v20110510-2359,"org.eclipse.gmf.mappings.presentation.GMFMapEditorID",1340101299362
deactivated,workbench,org.eclipse.ui.workbench,3.7.1.v20120104-1859,"",1340101300530
executed,command,org.eclipse.ui,3.7.0.v20110928-1505,"org.eclipse.ui.file.save",1340101300622
activated,workbench,org.eclipse.ui.workbench,3.7.1.v20120104-1859,"",1340101300658
executed,command,org.eclipse.ui,3.7.0.v20110928-1505,"org.eclipse.ui.edit.copy",1340101308688
executed,command,org.eclipse.ui,3.7.0.v20110928-1505,"org.eclipse.ui.edit.paste",1340101310010
executed,command,org.eclipse.ui,3.7.0.v20110928-1505,"org.eclipse.ui.edit.copy",1340101313004
executed,command,org.eclipse.ui,3.7.0.v20110928-1505,"org.eclipse.ui.edit.paste",1340101318106
executed,command,org.eclipse.ui,3.7.0.v20110928-1505,"org.eclipse.ui.edit.delete",1340101321666
deactivated,workbench,org.eclipse.ui.workbench,3.7.1.v20120104-1859,"",1340101324818
executed,command,org.eclipse.ui,3.7.0.v20110928-1505,"org.eclipse.ui.file.save",1340101324948
activated,workbench,org.eclipse.ui.workbench,3.7.1.v20120104-1859,"",1340101324974
activated,view,org.eclipse.gmf.bridge.ui.dashboard,2.0.100.v20110607-2359,"org.eclipse.gmf.bridge.ui.dashboard.DashboardPart",1340101327726
started,bundle,org.eclipse.gmf.bridge,1.1.100.v20110510-2359,"org.eclipse.gmf.bridge",1340101333727
started,bundle,org.eclipse.ocl,3.1.0.v20120206-0606,"org.eclipse.ocl",1340101333883
started,bundle,org.eclipse.ocl.ecore,3.1.2.v20111015-2027,"org.eclipse.ocl.ecore",1340101333887
started,bundle,org.eclipse.gmf.bridge.trace,1.0.200.v200912151755,"org.eclipse.gmf.bridge.trace",1340101335163
started,bundle,org.eclipse.gmf.codegen,2.2.200.v20110606-2359,"org.eclipse.gmf.codegen",1340101335166
started,bundle,org.eclipse.gmf.xpand,2.1.0.v20110510-2359,"org.eclipse.gmf.xpand",1340101335478
started,bundle,org.eclipse.gmf.graphdef.codegen,2.0.101.v20110601-2359,"org.eclipse.gmf.graphdef.codegen",1340101335479
started,bundle,org.eclipse.m2m.qvt.oml.common,3.1.0.v20110518-1530,"org.eclipse.m2m.qvt.oml.common",1340101335510
started,bundle,org.eclipse.m2m.qvt.oml.ecore.imperativeocl,3.1.0.v20101214-1530,"org.eclipse.m2m.qvt.oml.ecore.imperativeocl",1340101335872
started,bundle,org.eclipse.m2m.qvt.oml,3.1.0.v20110518-1530,"org.eclipse.m2m.qvt.oml",1340101335883
started,bundle,org.eclipse.m2m.qvt.oml.runtime,3.1.0.v20110627-1530,"org.eclipse.m2m.qvt.oml.runtime",1340101335916
started,bundle,org.eclipse.m2m.qvt.oml.cst.parser,3.1.0.v20101214-1530,"org.eclipse.m2m.qvt.oml.cst.parser",1340101337068
started,bundle,org.eclipse.m2m.qvt.oml.emf.util,3.1.0.v20110627-1530,"org.eclipse.m2m.qvt.oml.emf.util",1340101337265
started,bundle,org.eclipse.emf.eef.views,1.0.2.v20120216-1513,"org.eclipse.emf.eef.views",1340101337377
started,bundle,org.eclipse.emf.mapping,2.7.0.v20120130-0943,"org.eclipse.emf.mapping",1340101337397
started,bundle,org.eclipse.emf.mapping.ecore2ecore,2.7.0.v20120130-0943,"org.eclipse.emf.mapping.ecore2ecore",1340101337398
started,bundle,org.eclipse.emf.eef.mapping,1.0.2.v20120216-1513,"org.eclipse.emf.eef.mapping",1340101337437
started,bundle,org.eclipse.acceleo.model,3.1.3.v20120214-0359,"org.eclipse.acceleo.model",1340101337482
started,bundle,org.eclipse.emf.compare.match,1.2.2.v20120214-0915,"org.eclipse.emf.compare.match",1340101337571
started,bundle,org.eclipse.uml2.codegen.ecore,1.7.1.v201109082252,"org.eclipse.uml2.codegen.ecore",1340101337583
started,bundle,org.eclipse.xsd,2.7.1.v20120130-0943,"org.eclipse.xsd",1340101337677
started,bundle,org.eclipse.emf.eef.eefgen,1.0.2.v20120216-1513,"org.eclipse.emf.eef.eefgen",1340101337753
started,bundle,org.eclipse.emf.eef.components,1.0.2.v20120216-1513,"org.eclipse.emf.eef.components",1340101337760
started,bundle,org.eclipse.uml2.uml,3.2.100.v201108110105,"org.eclipse.uml2.uml",1340101338517
started,bundle,org.eclipse.emf.cdo.net4j,4.0.1.v20111117-0627,"org.eclipse.emf.cdo.net4j",1340101339714
started,bundle,org.eclipse.emf.cdo.common,4.0.1.v20111215-1854,"org.eclipse.emf.cdo.common",1340101339723
started,bundle,org.eclipse.emf.cdo.server,4.0.1.v20111208-1739,"org.eclipse.emf.cdo.server",1340101339725
started,bundle,org.eclipse.net4j.util.ui,3.1.0.v20110607-1031,"org.eclipse.net4j.util.ui",1340101339733
started,bundle,org.eclipse.emf.cdo.ui,4.0.1.v20111213-0724,"org.eclipse.emf.cdo.ui",1340101339740
started,bundle,org.eclipse.net4j,4.0.1.v20111123-0654,"org.eclipse.net4j",1340101339745
started,bundle,org.eclipse.net4j.http.server,4.0.0.v20110528-1118,"org.eclipse.net4j.http.server",1340101339749
started,bundle,org.eclipse.net4j.tcp,4.0.0.v20110607-1632,"org.eclipse.net4j.tcp",1340101339751
started,bundle,org.eclipse.net4j.util,3.1.1.v20111210-0952,"org.eclipse.net4j.util",1340101339753
started,bundle,org.eclipse.emf.cdo,4.0.1.v20120214-1021,"org.eclipse.emf.cdo",1340101339762
started,bundle,org.eclipse.amalgam.discovery.core,1.2.0.v20110608-1648,"org.eclipse.amalgam.discovery.core",1340101339771
started,bundle,org.eclipse.ocl.uml,3.1.0.v20120206-0606,"org.eclipse.ocl.uml",1340101339833
started,bundle,org.eclipse.acceleo.profiler,3.1.3.v20120214-0359,"org.eclipse.acceleo.profiler",1340101339889
started,bundle,org.eclipse.emf.compare.diff,1.2.2.v20120214-0915,"org.eclipse.emf.compare.diff",1340101339914
started,bundle,org.eclipse.emf.mapping.ecore2xml,2.7.0.v20120130-0943,"org.eclipse.emf.mapping.ecore2xml",1340101339937
started,bundle,org.eclipse.emf.mapping.xsd2ecore,2.5.0.v20120130-0943,"org.eclipse.emf.mapping.xsd2ecore",1340101339954
started,bundle,org.eclipse.gmf.xpand.qvtlibrary,1.1.0.v20110607-2359,"org.eclipse.gmf.xpand.qvtlibrary",1340101340172
started,bundle,org.eclipse.gmf.codegen.edit,2.2.100.v20110510-2359,"org.eclipse.gmf.codegen.edit",1340101341919
started,bundle,org.eclipse.gmf.codegen.ui,1.1.200.v20110510-2359,"org.eclipse.gmf.codegen.ui",1340101344757
deactivated,workbench,org.eclipse.ui.workbench,3.7.1.v20120104-1859,"",1340101346197
activated,workbench,org.eclipse.ui.workbench,3.7.1.v20120104-1859,"",1340101366967
deactivated,workbench,org.eclipse.ui.workbench,3.7.1.v20120104-1859,"",1340101371581
executed,command,org.eclipse.debug.ui,3.7.102.v20111129-1423_r372,"org.eclipse.debug.ui.commands.OpenRunConfigurations",1340101379024
activated,workbench,org.eclipse.ui.workbench,3.7.1.v20120104-1859,"",1340101379065
deactivated,workbench,org.eclipse.ui.workbench,3.7.1.v20120104-1859,"",1340101380073
opened,view,org.eclipse.ui.console,3.5.100.v20111007_r372,"org.eclipse.ui.console.ConsoleView",1340101608868
activated,view,org.eclipse.ui.console,3.5.100.v20111007_r372,"org.eclipse.ui.console.ConsoleView",1340101608885
activated,workbench,org.eclipse.ui.workbench,3.7.1.v20120104-1859,"",1340101721917
deactivated,workbench,org.eclipse.ui.workbench,3.7.1.v20120104-1859,"",1340101722003
activated,workbench,org.eclipse.ui.workbench,3.7.1.v20120104-1859,"",1340101722311
activated,editor,org.eclipse.gmf.map.edit,2.2.100.v20110510-2359,"org.eclipse.gmf.mappings.presentation.GMFMapEditorID",1340101733701
activated,view,org.eclipse.ui.views,3.6.0.v20110928-1505,"org.eclipse.ui.views.PropertySheet",1340101743315
deactivated,workbench,org.eclipse.ui.workbench,3.7.1.v20120104-1859,"",1340101748005
activated,workbench,org.eclipse.ui.workbench,3.7.1.v20120104-1859,"",1340101752792
activated,editor,org.eclipse.gmf.map.edit,2.2.100.v20110510-2359,"org.eclipse.gmf.mappings.presentation.GMFMapEditorID",1340101754942
deactivated,workbench,org.eclipse.ui.workbench,3.7.1.v20120104-1859,"",1340101756388
executed,command,org.eclipse.ui,3.7.0.v20110928-1505,"org.eclipse.ui.file.save",1340101756494
activated,workbench,org.eclipse.ui.workbench,3.7.1.v20120104-1859,"",1340101756515
activated,view,org.eclipse.gmf.bridge.ui.dashboard,2.0.100.v20110607-2359,"org.eclipse.gmf.bridge.ui.dashboard.DashboardPart",1340101758201
activated,view,org.eclipse.jdt.ui,3.7.2.v20120109-1427,"org.eclipse.jdt.ui.PackageExplorer",1340101761806
deactivated,workbench,org.eclipse.ui.workbench,3.7.1.v20120104-1859,"",1340101762776
executed,command,org.eclipse.ui,3.7.0.v20110928-1505,"org.eclipse.ui.edit.delete",1340101763039
activated,workbench,org.eclipse.ui.workbench,3.7.1.v20120104-1859,"",1340101763070
activated,view,org.eclipse.gmf.bridge.ui.dashboard,2.0.100.v20110607-2359,"org.eclipse.gmf.bridge.ui.dashboard.DashboardPart",1340101764210
activated,view,org.eclipse.jdt.ui,3.7.2.v20120109-1427,"org.eclipse.jdt.ui.PackageExplorer",1340101767162
deactivated,workbench,org.eclipse.ui.workbench,3.7.1.v20120104-1859,"",1340101768305
executed,command,org.eclipse.ltk.ui.refactoring,3.6.0.v20110928-1453,"org.eclipse.ltk.ui.refactoring.commands.deleteResources",1340101769136
executed,command,org.eclipse.ui,3.7.0.v20110928-1505,"org.eclipse.ui.edit.delete",1340101769136
activated,workbench,org.eclipse.ui.workbench,3.7.1.v20120104-1859,"",1340101769170
activated,view,org.eclipse.gmf.bridge.ui.dashboard,2.0.100.v20110607-2359,"org.eclipse.gmf.bridge.ui.dashboard.DashboardPart",1340101773051
deactivated,workbench,org.eclipse.ui.workbench,3.7.1.v20120104-1859,"",1340101774013
activated,workbench,org.eclipse.ui.workbench,3.7.1.v20120104-1859,"",1340101785829
activated,view,org.eclipse.jdt.ui,3.7.2.v20120109-1427,"org.eclipse.jdt.ui.PackageExplorer",1340101787112
executed,command,org.eclipse.pde.ui,3.6.100.v20120103_r372,"org.eclipse.pde.ui.runtimeWorkbenchShortcut.run",1340101793021
deactivated,workbench,org.eclipse.ui.workbench,3.7.1.v20120104-1859,"",1340101793875
activated,workbench,org.eclipse.ui.workbench,3.7.1.v20120104-1859,"",1340101911932
deactivated,workbench,org.eclipse.ui.workbench,3.7.1.v20120104-1859,"",1340101912051
activated,workbench,org.eclipse.ui.workbench,3.7.1.v20120104-1859,"",1340101912457
activated,editor,org.eclipse.emf.ecore.editor,2.7.0.v20120130-0943,"org.eclipse.emf.ecore.presentation.ReflectiveEditorID",1340101931202
deactivated,workbench,org.eclipse.ui.workbench,3.7.1.v20120104-1859,"",1340101937079
activated,workbench,org.eclipse.ui.workbench,3.7.1.v20120104-1859,"",1340101943005
activated,editor,org.eclipse.gmf.map.edit,2.2.100.v20110510-2359,"org.eclipse.gmf.mappings.presentation.GMFMapEditorID",1340101945825
deactivated,workbench,org.eclipse.ui.workbench,3.7.1.v20120104-1859,"",1340102142485
activated,workbench,org.eclipse.ui.workbench,3.7.1.v20120104-1859,"",1340102143824
deactivated,workbench,org.eclipse.ui.workbench,3.7.1.v20120104-1859,"",1340102144251
activated,workbench,org.eclipse.ui.workbench,3.7.1.v20120104-1859,"",1340102147549
deactivated,workbench,org.eclipse.ui.workbench,3.7.1.v20120104-1859,"",1340102148776
activated,workbench,org.eclipse.ui.workbench,3.7.1.v20120104-1859,"",1340102158901
activated,view,org.eclipse.ui.console,3.5.100.v20111007_r372,"org.eclipse.ui.console.ConsoleView",1340102160926
activated,view,org.eclipse.gmf.bridge.ui.dashboard,2.0.100.v20110607-2359,"org.eclipse.gmf.bridge.ui.dashboard.DashboardPart",1340102162061
activated,editor,org.eclipse.gmf.map.edit,2.2.100.v20110510-2359,"org.eclipse.gmf.mappings.presentation.GMFMapEditorID",1340102162382
executed,command,org.eclipse.ui,3.7.0.v20110928-1505,"org.eclipse.ui.edit.delete",1340102212334
activated,view,org.eclipse.ui.views,3.6.0.v20110928-1505,"org.eclipse.ui.views.PropertySheet",1340102243279
activated,editor,org.eclipse.gmf.map.edit,2.2.100.v20110510-2359,"org.eclipse.gmf.mappings.presentation.GMFMapEditorID",1340102244482
activated,view,org.eclipse.ui.views,3.6.0.v20110928-1505,"org.eclipse.ui.views.PropertySheet",1340102250737
activated,editor,org.eclipse.gmf.map.edit,2.2.100.v20110510-2359,"org.eclipse.gmf.mappings.presentation.GMFMapEditorID",1340102252812
activated,view,org.eclipse.ui.views,3.6.0.v20110928-1505,"org.eclipse.ui.views.PropertySheet",1340102254603
activated,editor,org.eclipse.gmf.map.edit,2.2.100.v20110510-2359,"org.eclipse.gmf.mappings.presentation.GMFMapEditorID",1340102259910
deactivated,workbench,org.eclipse.ui.workbench,3.7.1.v20120104-1859,"",1340102260528
executed,command,org.eclipse.ui,3.7.0.v20110928-1505,"org.eclipse.ui.file.save",1340102260637
activated,workbench,org.eclipse.ui.workbench,3.7.1.v20120104-1859,"",1340102260673
activated,view,org.eclipse.ui.views,3.6.0.v20110928-1505,"org.eclipse.ui.views.PropertySheet",1340102267820
activated,editor,org.eclipse.gmf.map.edit,2.2.100.v20110510-2359,"org.eclipse.gmf.mappings.presentation.GMFMapEditorID",1340102275476
executed,command,org.eclipse.ui,3.7.0.v20110928-1505,"org.eclipse.ui.edit.delete",1340102308903
